SALE TYPE,SOLD DATE,PROPERTY TYPE,ADDRESS,CITY,STATE OR PROVINCE,ZIP OR POSTAL CODE,PRICE,BEDS,BATHS,LOCATION,SQUARE FEET,LOT SIZE,YEAR BUILT,DAYS ON MARKET,$/SQUARE FEET,HOA/MONTH,STATUS,NEXT OPEN HOUSE START TIME,NEXT OPEN HOUSE END TIME,URL (SEE https://www.redfin.com/buy-a-home/comparative-market-analysis FOR INFO ON PRICING),SOURCE,MLS#,FAVORITE,INTERESTED,LATITUDE,LONGITUDE
MLS Listing,,Single Family Residential,5408 Brighton Rd,Rogers,AR,72758,579900,4,3.0,Shadow Valley PUD Ph Vii Rogers,2641,9583,2008,1,220,,Active,,,https://www.redfin.com/AR/Rogers/5408-Brighton-Rd-72758/home/115031186,NWARMLS,1245853,N,Y,36.2838277,-94.2230636
MLS Listing,,Single Family Residential,2 Crestwood Dr,Rogers,AR,72756,685000,6,3.0,Summit Heights Rogers,4896,21344,1973,1,140,,Active,,,https://www.redfin.com/AR/Rogers/2-Crestwood-Dr-72756/home/115457565,NWARMLS,1244828,N,Y,36.3423739,-94.1043319
MLS Listing,,Single Family Residential,74 N Heffner Pl,Rogers,AR,72756,300000,3,2.0,Altons Brush Creek Hls Rogers,1563,35719,1970,1,192,,Active,,,https://www.redfin.com/AR/Rogers/74-Heffner-Pl-72756/home/114949642,NWARMLS,1245920,N,Y,36.3920461,-94.1149002
MLS Listing,,Single Family Residential,1402 W Ash St,Rogers,AR,72758,475000,4,3.5,Clower Sub Rogers,2490,9147,2017,1,191,,Active,,,https://www.redfin.com/AR/Rogers/1402-W-Ash-St-72758/home/115350201,NWARMLS,1245729,N,Y,36.3217577,-94.1385419
MLS Listing,,Single Family Residential,718 W Maple St,Rogers,AR,72756,525000,4,2.5,12-19-30-ROGERS,2085,11761,1999,3,252,,Active,May-20-2023 02:00 PM,May-20-2023 04:00 PM,https://www.redfin.com/AR/Rogers/718-W-Maple-St-72756/home/114671297,NWARMLS,1245874,N,Y,36.3352853,-94.1243316
MLS Listing,,Single Family Residential,822 W Olive St,Rogers,AR,72756,175000,2,1.0,,832,7405,,3,210,,Active,,,https://www.redfin.com/AR/Rogers/822-W-Olive-St-72756/home/114803348,NWARMLS,1245879,N,Y,36.3407085,-94.12637
MLS Listing,,Single Family Residential,7031 W Shadow Valley Rd,Rogers,AR,72758,1075000,4,4.0,Shadow Valley,3800,14374,2019,3,283,520,Active,,,https://www.redfin.com/AR/Rogers/7031-W-Shadow-Valley-Rd-72758/home/116492614,NWARMLS,1245702,N,Y,36.2853401,-94.2221426
MLS Listing,,Single Family Residential,2721 W Perry Rd,Rogers,AR,72758,3150000,4,3.0,,2885,208216,,4,1092,,Active,,,https://www.redfin.com/AR/Rogers/2721-W-Perry-Rd-72758/home/115929875,NWARMLS,1245545,N,Y,36.3021971,-94.1644741
MLS Listing,,Single Family Residential,1212 11th St,Rogers,AR,72756,295000,3,2.0,Hillcrest Add Rev Rogers,1699,17424,1967,4,174,,Active,,,https://www.redfin.com/AR/Rogers/1212-S-11th-St-72756/home/116244439,NWARMLS,1245788,N,Y,36.3225324,-94.1307867
MLS Listing,,Single Family Residential,15699 Putman Rd,Rogers,AR,72756,1880000,4,3.5,Townsends 2nd Add Rurban,3748,80586,1989,4,502,89,Active,,,https://www.redfin.com/AR/Rogers/15699-Putman-Rd-72756/home/114591424,NWARMLS,1245889,N,Y,36.3356024,-94.0343233
MLS Listing,,Single Family Residential,8073 Dolphin Cir,Rogers,AR,72756,350000,4,2.0,Beaver Shores Unit 2 Rurban,1372,40946,2021,4,255,,Active,,,https://www.redfin.com/AR/Rogers/8073-Dolphin-Cir-72756/home/115259368,NWARMLS,1245836,N,Y,36.3242987,-94.0223153
MLS Listing,,Single Family Residential,120 N Valley West Dr,Rogers,AR,72756,565000,3,4.5,Valley West Sub Rogers,3298,53143,1980,4,171,,Active,,,https://www.redfin.com/AR/Rogers/120-Valley-West-Dr-72756/home/115462709,NWARMLS,1245818,N,Y,36.3364648,-94.1629342
MLS Listing,,Single Family Residential,19033 Ar 303 Hwy,Rogers,AR,72756,715000,3,3.5,n/a,3725,787564,2003,4,192,,Active,,,https://www.redfin.com/AR/Rogers/19033-Highway-303-72756/home/115447229,NWARMLS,1245581,N,Y,36.317588,-93.959926
MLS Listing,,Single Family Residential,15597 Putman Rd,Rogers,AR,72756,475000,3,2.5,Townsends Add Rurban,2272,22651,1979,5,209,,Active,,,https://www.redfin.com/AR/Rogers/15597-Putman-Rd-72756/home/114750991,NWARMLS,1245610,N,Y,36.3375174,-94.0364379
MLS Listing,,Single Family Residential,922 S 19th St,Rogers,AR,72758,675000,3,2.0,Rosewood Add Rogers,2000,14810,1969,5,338,,Active,,,https://www.redfin.com/AR/Rogers/922-S-19th-St-72758/home/115763097,NWARMLS,1244540,N,Y,36.3242139,-94.1457385
MLS Listing,,Single Family Residential,4313 W Arlington Dr,Rogers,AR,72758,449900,3,2.5,Ridgecrest Meadows Ph 4 Rogers,2184,11761,2001,5,206,,Active,,,https://www.redfin.com/AR/Rogers/4313-W-Arlington-Dr-72758/home/114845855,NWARMLS,1245655,N,Y,36.2846391,-94.177575
MLS Listing,,Single Family Residential,2506 S D St,Rogers,AR,72758,315000,4,2.0,Wire Ridge Rogers,1482,6098,2021,5,213,,Active,,,https://www.redfin.com/AR/Rogers/2506-S-D-St-72758/home/176836204,NWARMLS,1245626,N,Y,36.302411,-94.1111242
MLS Listing,,Single Family Residential,815 N 14th Pl,Rogers,AR,72756,207900,3,1.0,Larimore & Garner,950,8712,,5,219,,Active,,,https://www.redfin.com/AR/Rogers/815-N-14th-Pl-72756/home/115187063,NWARMLS,1245575,N,Y,36.3427046,-94.1373365
MLS Listing,,Single Family Residential,15959 Hickory Dr,Rogers,AR,72756,304000,3,2.0,Beaver Shores Unit 4 Rurban,1769,9147,2000,6,172,,Active,,,https://www.redfin.com/AR/Rogers/15959-Hickory-Dr-72756/home/116125944,NWARMLS,1245370,N,Y,36.3229404,-94.0287777
MLS Listing,,Single Family Residential,8121 Timberlake Loop,Rogers,AR,72756,355000,2,2.0,Piney Point Add Rurban,1420,30927,2022,6,250,,Active,May-18-2023 05:00 PM,May-18-2023 07:00 PM,https://www.redfin.com/AR/Rogers/8121-Timberlake-Loop-72756/home/176842398,NWARMLS,1245467,N,Y,36.3171048,-93.9929241
MLS Listing,,Single Family Residential,55 W Buckingham Dr,Rogers,AR,72758,1770000,5,5.5,Pinnacle Sub Ph 4 Rogers,5472,22215,2014,7,323,50,Active,,,https://www.redfin.com/AR/Rogers/55-W-Buckingham-Dr-72758/home/115462937,NWARMLS,1245534,N,Y,36.3017485,-94.1985433
MLS Listing,,Single Family Residential,6108 W Pleasant Pl,Rogers,AR,72758,379000,3,2.0,Champions Estates Rogers,1752,8276,2000,7,216,13,Active,,,https://www.redfin.com/AR/Rogers/6108-W-Pleasant-Pl-72758/home/116140226,NWARMLS,1245335,N,Y,36.2900585,-94.2009648
MLS Listing,,Single Family Residential,15325 Mills Ter,Garfield,AR,72732,285000,4,2.0,Deer Haven,1514,8712,2019,7,188,,Active,,,https://www.redfin.com/AR/Garfield/15325-Mills-Ter-72732/home/116078816,NWARMLS,1245448,N,Y,36.4065339,-94.0434807
MLS Listing,,Single Family Residential,514 S 14th St,Rogers,AR,72758,441000,3,3.5,Pine St,2205,8712,2023,8,200,21,Active,,,https://www.redfin.com/AR/Rogers/514-S-14th-St-Unknown/home/181969697,NWARMLS,1245394,N,Y,36.3265923,-94.1377103
MLS Listing,,Single Family Residential,5301 60th Pl,Rogers,AR,72758,787000,5,4.0,Liberty Bell North Rogers,3968,27878,2007,9,198,42,Active,,,https://www.redfin.com/AR/Rogers/5301-S-60th-Pl-72758/home/116191885,NWARMLS,1245002,N,Y,36.2877088,-94.1992437
MLS Listing,,Single Family Residential,2310 Pleasant Ridge Rd,Rogers,AR,72756,365000,4,2.0,N/A,2217,46609,1997,9,165,,Active,,,https://www.redfin.com/AR/Rogers/2310-S-Pleasant-Ridge-Rd-72756/home/115731476,NWARMLS,1245305,N,Y,36.3178873,-94.089372
MLS Listing,,Single Family Residential,1017 S E St,Rogers,AR,72756,215000,2,2.0,Amis Road Add Rogers,1008,11325,1999,9,213,,Active,,,https://www.redfin.com/AR/Rogers/1017-S-E-St-72756/home/114739189,NWARMLS,1242213,N,Y,36.324057,-94.1079477
MLS Listing,,Single Family Residential,1410 W Pine St,Rogers,AR,72758,295000,3,2.0,Kiphart Sub 2Nd Rogers,1690,11761,1971,9,175,,Active,,,https://www.redfin.com/AR/Rogers/1410-W-Pine-St-72758/home/114619858,NWARMLS,1245274,N,Y,36.3281762,-94.1387018
MLS Listing,,Single Family Residential,1018 N D St,Rogers,AR,72756,240000,3,1.0,Wallace Add Rogers,1614,6969,1960,10,149,,Active,,,https://www.redfin.com/AR/Rogers/1018-N-D-St-72756/home/114627064,NWARMLS,1244928,N,Y,36.3416245,-94.1107845
MLS Listing,,Single Family Residential,1834 S 11th Pl,Rogers,AR,72756,290000,3,1.5,J D Neill,1750,13939,1970,10,166,,Active,,,https://www.redfin.com/AR/Rogers/1834-S-11th-Pl-72756/home/115594798,NWARMLS,1245163,N,Y,36.3131878,-94.1327254
MLS Listing,,Single Family Residential,502 W Persimmon St,Rogers,AR,72756,499900,4,2.5,Oak View ADD,2080,3049,2023,11,240,40,Active,,,https://www.redfin.com/AR/Rogers/502-W-Persimmon-St-72756/home/185345299,NWARMLS,1244764,N,Y,36.336901,-94.121882
MLS Listing,,Single Family Residential,504 W Persimmon St,Rogers,AR,72756,499900,4,2.5,Oak View ADD,2080,2613,2023,11,240,,Active,May-21-2023 02:00 PM,May-21-2023 04:00 PM,https://www.redfin.com/AR/Rogers/504-W-Persimmon-St-72756/home/185345290,NWARMLS,1244771,N,Y,36.3369039,-94.121978
MLS Listing,,Single Family Residential,8848 S Park Rd,Rogers,AR,72756,450000,4,2.5,03-19-29 Rural,2576,23958,1980,11,175,,Active,,,https://www.redfin.com/AR/Rogers/8848-S-Park-Rd-72756/home/115938211,NWARMLS,1245250,N,Y,36.3401674,-94.0574494
MLS Listing,,Single Family Residential,16573 Birch Ln,Rogers,AR,72756,799900,5,3.0,Beaver Shores Unit 1 Rurban,2739,22651,1990,11,292,4,Active,,,https://www.redfin.com/AR/Rogers/16573-Birch-Ln-72756/home/115468038,NWARMLS,1245073,N,Y,36.3222729,-94.0146572
MLS Listing,,Single Family Residential,1306 W Pecan St,Rogers,AR,72758,249000,2,2.0,Watson Sub Rogers,1836,13503,1970,11,136,,Active,,,https://www.redfin.com/AR/Rogers/1306-W-Pecan-St-72758/home/115847725,NWARMLS,1245093,N,Y,36.3290512,-94.1360034
MLS Listing,,Single Family Residential,1414 S 4th St,Rogers,AR,72756,257697,3,2.0,Mcgaugheys Orchard Add,1507,7405,1925,11,171,,Active,,,https://www.redfin.com/AR/Rogers/1414-S-4th-St-72756/home/114931131,NWARMLS,1243235,N,Y,36.3205653,-94.1210145
MLS Listing,,Single Family Residential,6516 W Hearth Falls Dr,Rogers,AR,72758,459900,3,3.0,Hearthstone,2253,11761,2009,12,204,42,Active,,,https://www.redfin.com/AR/Rogers/6516-W-Hearth-Falls-Dr-72758/home/115507918,NWARMLS,1245114,N,Y,36.283908,-94.206868
MLS Listing,,Single Family Residential,6905 W Altamonte Dr,Rogers,AR,72758,1050000,4,4.0,Shadow Valley Ph VII,4608,13068,2013,12,228,155,Active,,,https://www.redfin.com/AR/Rogers/6905-W-Altamonte-Dr-72758/home/114904531,NWARMLS,1245150,N,Y,36.2844276,-94.2181336
MLS Listing,,Single Family Residential,18 Riviera Dr,Rogers,AR,72756,474500,4,3.0,Rivercliff Village Rurban,3084,11325,2005,12,154,,Active,,,https://www.redfin.com/AR/Rogers/18-Riviera-Dr-72756/home/115090783,NWARMLS,1244930,N,Y,36.3394499,-93.9888193
MLS Listing,,Single Family Residential,1530 Monte Rd NE,Rogers,AR,72756,372500,4,2.5,Roberts & Musteen Add Rogers,2044,13503,1964,13,182,,Active,,,https://www.redfin.com/AR/Rogers/1530-Monte-Ne-Rd-72756/home/115135417,NWARMLS,1244759,N,Y,36.3181454,-94.10593
MLS Listing,,Single Family Residential,6906 W Balmoral Dr,Rogers,AR,72758,665000,3,2.5,Shadow Valley PUD Ph Vii Rogers,3079,12196,2007,13,216,549,Active,,,https://www.redfin.com/AR/Rogers/6906-W-Balmoral-Dr-72758/home/114755162,NWARMLS,1244838,N,Y,36.281975,-94.2174379
MLS Listing,,Single Family Residential,206 S 7th St,Rogers,AR,72756,239900,3,2.0,Academy Add Rogers,1254,6969,1987,13,191,,Active,,,https://www.redfin.com/AR/Rogers/206-S-7th-St-72756/home/115660461,NWARMLS,1243116,N,Y,36.3323121,-94.1247713
MLS Listing,,Single Family Residential,8694 Spruce Dr,Rogers,AR,72756,975000,2,3.0,Beaver Shores Unit 6 Rurban,2280,38768,2001,13,428,,Active,,,https://www.redfin.com/AR/Rogers/8694-Spruce-Dr-72756/home/115885578,NWARMLS,1244872,N,Y,36.311679,-94.023925
MLS Listing,,Single Family Residential,1603 S 17th St,Rogers,AR,72758,280000,4,2.5,Southern Hills 2nd Rogers,1470,10018,1994,14,190,,Active,,,https://www.redfin.com/AR/Rogers/1603-S-17th-St-72758/home/115197381,NWARMLS,1244918,N,Y,36.3189543,-94.1420001
MLS Listing,,Single Family Residential,12351 Fire Run Rd,Rogers,AR,72732,599000,3,2.0,Rural,1740,217800,,14,344,,Active,,,https://www.redfin.com/AR/Garfield/12351-Fire-Run-Rd-72732/home/114982400,NWARMLS,1244717,N,Y,36.4027836,-94.0351212
MLS Listing,,Single Family Residential,4505 Pat Lee Pkwy,Rogers,AR,72758,650000,4,3.5,Warren Glen Rogers,3221,10890,2011,15,202,42,Active,,,https://www.redfin.com/AR/Rogers/4505-W-Pat-Lee-Pkwy-72758/home/115599379,NWARMLS,1244602,N,Y,36.2838092,-94.1819761
MLS Listing,,Single Family Residential,16011 Hickory Dr,Rogers,AR,72756,241941,1,1.0,Beaver Shores Unit 4 Rurban,840,9147,2023,16,288,,Active,,,https://www.redfin.com/AR/Rogers/16011-Hickory-Dr-72756/home/185274555,NWARMLS,1244677,N,Y,36.320188,-94.0277119
MLS Listing,,Condo/Co-op,2000 S Promenade Blvd Unit 305D,Rogers,AR,72758,549000,1,1.5,Pinnacle Station Condos Horiz Prop Reg-R,1491,435,2010,18,368,300,Active,,,https://www.redfin.com/AR/Rogers/2000-S-Promenade-Blvd-72758/unit-305-D/home/177093011,NWARMLS,1244393,N,Y,36.3130431,-94.1798655
MLS Listing,,Single Family Residential,1402 W Pecan St,Rogers,AR,72758,420200,4,4.0,Pine Street,2101,6969,2023,18,200,21,Active,,,https://www.redfin.com/AR/Rogers/1402-W-Pecan-St-Unknown/home/181969702,NWARMLS,1244591,N,Y,36.329101,-94.136928
MLS Listing,,Single Family Residential,1400 W Pecan St,Rogers,AR,72758,420200,4,4.0,Pine Street,2101,6969,2023,18,200,21,Active,,,https://www.redfin.com/AR/Rogers/1400-W-Pecan-St-Unknown/home/181969701,NWARMLS,1244589,N,Y,36.329097,-94.136887
MLS Listing,,Single Family Residential,33 W Pinnacle Dr,Rogers,AR,72758,3750000,5,6.5,Pinnacle,8099,46173,2016,19,463,57,Active,,,https://www.redfin.com/AR/Rogers/33-W-Pinnacle-Dr-72758/home/115243531,NWARMLS,1244009,N,Y,36.3003432,-94.2006446
MLS Listing,,Single Family Residential,907 W Cottonwood St,Rogers,AR,72758,336990,4,2.0,Cottonwood Place,1796,6534,2023,19,188,,Active,,,https://www.redfin.com/AR/Rogers/907-W-Cottonwood-St-72758/home/185240486,NWARMLS,1244260,N,Y,36.3033049,-94.1300601
MLS Listing,,Single Family Residential,6103 Knoll View Way,Rogers,AR,72758,380000,4,2.0,Champions Estates-Rogers,2008,10454,2002,20,189,,Active,,,https://www.redfin.com/AR/Rogers/6103-W-Knoll-View-Way-72758/home/115625470,NWARMLS,1244413,N,Y,36.288716,-94.201792
MLS Listing,,Single Family Residential,603 Oak St,Rogers,AR,72756,239900,3,1.0,Duckworths Add Rogers,1470,8712,,21,163,,Active,,,https://www.redfin.com/AR/Rogers/603-W-Oak-St-72756/home/115547931,NWARMLS,1242947,N,Y,36.3264394,-94.1234923
MLS Listing,,Single Family Residential,15124 Mills Cv,Garfield,AR,72732,305000,3,2.5,Deer Haven,1641,13939,2020,22,186,,Active,,,https://www.redfin.com/AR/Garfield/15124-Mills-Cv-72732/home/115060408,NWARMLS,1244161,N,Y,36.4057418,-94.045057
MLS Listing,,Single Family Residential,29 W Nottingham Ln,Rogers,AR,72758,1949550,4,4.5,Pinnacle Sub Ph 4 Rogers,5753,25264,2008,22,339,54,Active,,,https://www.redfin.com/AR/Rogers/29-W-Nottingham-Ln-72758/home/115768673,NWARMLS,1244212,N,Y,36.3067511,-94.2005445
MLS Listing,,Single Family Residential,16376 Cypress Ln,Rogers,AR,72756,349900,3,2.0,Beaver Shores Unit 1 Rurban,1548,36154,1966,24,226,4,Active,,,https://www.redfin.com/AR/Rogers/16376-Cypress-Ln-72756/home/115473236,NWARMLS,1244105,N,Y,36.3229415,-94.0193037
MLS Listing,,Single Family Residential,15697 Bumblebee Ln,Rogers,AR,72758,2250000,4,5.5,Esculapia Estates,4764,113256,2017,25,472,,Active,,,https://www.redfin.com/AR/Rogers/15697-Bumblebee-Ln-72758/home/115044903,NWARMLS,1244002,N,Y,36.3027744,-94.0338445
MLS Listing,,Townhouse,2011 S Dixieland Rd Unit 2009E,Rogers,AR,72758,365000,3,2.0,Three Oaks Townhomes,2000,4356,2015,26,183,150,Active,May-21-2023 02:00 PM,May-21-2023 04:00 PM,https://www.redfin.com/AR/Rogers/2011-S-Dixieland-Rd-72758/unit-2009-E/home/177090537,NWARMLS,1244004,N,Y,36.308258,-94.142763
MLS Listing,,Single Family Residential,519 N 8th St,Rogers,AR,72756,390000,4,2.0,12-19-30 Rogers,1894,9147,,26,206,,Active,,,https://www.redfin.com/AR/Rogers/519-N-8th-St-72756/home/114912898,NWARMLS,1243925,N,Y,36.3382062,-94.1254108
MLS Listing,,Single Family Residential,86 W Champions Blvd,Rogers,AR,72758,1675000,6,3.5,"Pinnacle, Champions Golf & Cc Rogers",6233,29185,2002,27,269,50,Active,,,https://www.redfin.com/AR/Rogers/86-W-Champions-Blvd-72758/home/115005514,NWARMLS,1243099,N,Y,36.2972428,-94.2040669
MLS Listing,,Single Family Residential,1116 E Prairie Creek Dr,Rogers,AR,72756,497000,3,2.0,Atalanta Point Sub Rogers,2472,45738,1990,27,201,,Active,May-16-2023 12:00 PM,May-16-2023 02:00 PM,https://www.redfin.com/AR/Rogers/1116-Prairie-Creek-Dr-72756/home/115716929,NWARMLS,1243544,N,Y,36.3411479,-94.097197
MLS Listing,,Single Family Residential,1006 S Arkansas St,Rogers,AR,72756,349900,3,1.0,Blackburn Add Rogers,1532,13939,1910,27,228,,Active,,,https://www.redfin.com/AR/Rogers/1006-S-Arkansas-St-72756/home/114726698,NWARMLS,1243852,N,Y,36.3232674,-94.116179
MLS Listing,,Single Family Residential,20781 Low Gap Ln,Rogers,AR,72756,1950000,5,3.5,Greenacres Sub Rurban,4321,409464,1999,27,451,,Active,,,https://www.redfin.com/AR/Rogers/20781-Low-Gap-Ln-72756/home/116391901,NWARMLS,1243856,N,Y,36.334079,-93.9220427
MLS Listing,,Single Family Residential,1608 S 23rd,Rogers,AR,72758,538790,3,2.5,Seminole Park,2506,8276,2022,28,215,,Active,,,https://www.redfin.com/AR/Rogers/1608-S-23rd-St-72758/home/116262558,NWARMLS,1243819,N,Y,36.3189209,-94.1515164
MLS Listing,,Single Family Residential,1604 S 23rd Pl,Rogers,AR,72758,532555,4,3.0,Seminole Park,2477,8276,,28,215,,Active,,,https://www.redfin.com/AR/Rogers/1604-S-23rd-St-72758/home/115670335,NWARMLS,1243813,N,Y,36.3193436,-94.1515164
MLS Listing,,Single Family Residential,1705 S 23rd Pl,Rogers,AR,72758,562870,3,3.0,Seminole Park,2618,8276,,28,215,,Active,,,https://www.redfin.com/AR/Rogers/1705-S-23rd-St-72758/home/115982560,NWARMLS,1243812,N,Y,36.3180499,-94.1510365
MLS Listing,,Single Family Residential,8431 Navajo Trl,Rogers,AR,72756,350000,4,2.0,Indian Head Park Rurban,1792,15245,1998,30,195,,Active,,,https://www.redfin.com/AR/Rogers/8431-Navajo-Trl-72756/home/115699389,NWARMLS,1243605,N,Y,36.3349698,-94.0430617
MLS Listing,,Single Family Residential,10446 E High Meadows Dr,Rogers,AR,72756,375000,2,1.0,--,1456,604612,,32,258,,Active,,,https://www.redfin.com/AR/Rogers/10446-E-High-Meadows-Dr-72756/home/115126100,NWARMLS,1243515,N,Y,36.368763,-94.042921
MLS Listing,,Single Family Residential,7927 Lakeview Bay Rd,Rogers,AR,72756,4700000,6,4.0,,3800,6751800,,32,1237,,Active,,,https://www.redfin.com/AR/Rogers/7927-Lakeview-Bay-Rd-72756/home/115556679,NWARMLS,1243455,N,Y,36.3228693,-93.8364912
MLS Listing,,Single Family Residential,15484 Woods Lodge Rd,Rogers,AR,72756,599000,3,2.0,,1992,866843,1991,32,301,,Active,,,https://www.redfin.com/AR/Rogers/15484-Woods-Lodge-Rd-72756/home/114824669,NWARMLS,1243467,N,Y,36.402139,-94.037826
MLS Listing,,Single Family Residential,15854 Abbey Ln,Rogers,AR,72756,1250000,3,2.0,Lakewood Estates Rurban,2956,319730,2006,32,423,,Active,,,https://www.redfin.com/AR/Rogers/15854-Abbey-Ln-72756/home/115466498,NWARMLS,1243439,N,Y,36.368657,-94.027828
MLS Listing,,Single Family Residential,405 S 21st St,Rogers,AR,72758,425000,3,2.5,Allied Sub Trac 2,1700,5662,2023,33,250,,Active,,,https://www.redfin.com/AR/Rogers/405-S-21st-St-72758/home/185093343,NWARMLS,1243275,N,Y,36.3311759,-94.1475877
MLS Listing,,Townhouse,401 S 21st St,Rogers,AR,72758,425000,3,2.5,Allied Sub Tract 2,1700,5662,2023,33,250,,Active,,,https://www.redfin.com/AR/Rogers/401-S-21st-St-72758/home/185093292,NWARMLS,1243182,N,Y,36.3312079,-94.1475869
MLS Listing,,Single Family Residential,403 S 21st St,Rogers,AR,72758,425000,3,2.5,Allied Sub Trac 2,1700,5662,2023,33,250,,Active,,,https://www.redfin.com/AR/Rogers/403-S-21st-St-72758/home/185093291,NWARMLS,1243270,N,Y,36.3311919,-94.1475873
MLS Listing,,Single Family Residential,5708 W Stoney Creek Dr,Rogers,AR,72758,449900,4,2.5,Stoney Creek Place Sub-Rogers,2312,7840,2002,33,195,17,Active,,,https://www.redfin.com/AR/Rogers/5708-W-Stoney-Creek-Dr-72758/home/115538121,NWARMLS,1243397,N,Y,36.323804,-94.197113
MLS Listing,,Single Family Residential,10685 Bluewater Psge,Rogers,AR,72756,3250000,4,4.5,The Estates of Lakeway,5300,229561,2008,35,613,200,Active,,,https://www.redfin.com/AR/Rogers/10685-Bluewater-Psge-72756/home/176843282,NWARMLS,1243108,N,Y,36.3755902,-94.0343831
MLS Listing,,Single Family Residential,2140 21st St,Rogers,AR,72758,2100000,3,2.0,23-19-30,1825,217800,,36,1151,,Active,,,https://www.redfin.com/AR/Rogers/2140-S-21st-St-72758/home/114919411,NWARMLS,1243090,N,Y,36.3039487,-94.1493171
MLS Listing,,Condo/Co-op,16794 Heritage Bay Rd Unit B-1,Rogers,AR,72756,395000,3,2.0,Heritage Bay,1480,435,1975,38,267,550,Active,,,https://www.redfin.com/AR/Rogers/16794-Heritage-Bay-Rd-72756/unit-B-1/home/177527480,NWARMLS,1240752,N,Y,36.3313824,-94.0090025
MLS Listing,,Single Family Residential,5101 Haxton Cir,Bentonville,AR,72713,1850000,4,3.5,Haxton Estates Rogers,4950,43560,2022,39,374,21,Active,,,https://www.redfin.com/AR/Bentonville/5101-S-Haxton-Cir-72713/home/169155318,NWARMLS,1242921,N,Y,36.2918346,-94.2304119
MLS Listing,,Single Family Residential,821 Ash St,Rogers,AR,72756,285000,2,2.0,Hillcrest Add Rev Rogers,1664,14374,,41,171,,Active,,,https://www.redfin.com/AR/Rogers/821-W-Ash-St-72756/home/114817137,NWARMLS,1242774,N,Y,36.3219528,-94.1273692
MLS Listing,,Single Family Residential,1604 S 15th Pl,Rogers,AR,72758,384500,3,2.5,Bellawood Add,2356,13068,1995,41,163,,Active,,,https://www.redfin.com/AR/Rogers/1604-S-15th-Pl-72758/home/115743229,NWARMLS,1242859,N,Y,36.3185664,-94.1403809
MLS Listing,,Single Family Residential,518 S 14th St,Rogers,AR,72758,402200,4,3.5,Pine Street,2011,7840,2023,41,200,21,Active,,,https://www.redfin.com/AR/Rogers/518-S-14th-St-Unknown/home/181969695,NWARMLS,1242848,N,Y,36.3265923,-94.1377103
MLS Listing,,Single Family Residential,1209 N 34th St,Rogers,AR,72756,339900,3,2.0,Cambridge Park Ph 3 Rogers,1699,8276,1996,41,200,10,Active,,,https://www.redfin.com/AR/Rogers/1209-N-34th-St-72756/home/115321533,NWARMLS,1242770,N,Y,36.3459303,-94.165954
MLS Listing,,Single Family Residential,15445 Putman Rd,Rogers,AR,72756,479000,4,3.0,02-19-29-RURAL,2818,24393,1981,43,170,,Active,,,https://www.redfin.com/AR/Rogers/15445-Putman-Rd-72756/home/116426569,NWARMLS,1242653,N,Y,36.3416113,-94.0397298
MLS Listing,,Single Family Residential,7986 Hopper Rd,Rogers,AR,72756,500000,4,2.0,Ozark Hills,2000,45302,2023,43,250,,Active,May-21-2023 02:00 PM,May-21-2023 04:00 PM,https://www.redfin.com/AR/Rogers/7986-Hopper-Rd-72756/home/114610916,NWARMLS,1238912,N,Y,36.323274,-93.983626
MLS Listing,,Townhouse,Lot 13 Pinnacle Hills Pkwy,Rogers,AR,72758,699000,3,2.5,Pinnacle Vlg,1854,4356,2024,43,377,,Active,,,https://www.redfin.com/AR/Rogers/Lot-13-Pinnacle-Hills-Pkwy-72758/home/184796348,NWARMLS,1241859,N,Y,36.291948,-94.184605
MLS Listing,,Single Family Residential,705 S 13th St,Rogers,AR,72758,777000,4,4.0,City/Rogers,3508,82764,1948,44,221,,Active,,,https://www.redfin.com/AR/Rogers/705-S-13th-St-72758/home/116169326,NWARMLS,1242547,N,Y,36.3277494,-94.1340641
MLS Listing,,Single Family Residential,954 Madison 8050,Rogers,AR,72756,610000,5,4.0,NA,3941,260488,2006,46,155,,Active,,,https://www.redfin.com/AR/Rogers/954-Madison-8050-72756/home/123045465,NWARMLS,1242434,N,Y,36.29078,-93.850075
MLS Listing,,Single Family Residential,35 W Nottingham Ln,Rogers,AR,72758,1950000,5,6.0,Pinnacle Sub Ph 4 Rogers,6557,24829,2010,46,297,57,Active,,,https://www.redfin.com/AR/Rogers/35-W-Nottingham-Ln-72758/home/115061181,NWARMLS,1241989,N,Y,36.3063927,-94.2017253
MLS Listing,,Single Family Residential,18838 Coppermine Rd,Rogers,AR,72756,399900,3,2.0,Copper Mine Acres Rurban,1451,31363,1970,47,276,,Active,,,https://www.redfin.com/AR/Rogers/18838-Coppermine-Rd-72756/home/115902347,NWARMLS,1242145,N,Y,36.328941,-93.963617
MLS Listing,,Single Family Residential,724 Lakeview Dr,Rogers,AR,72756,360000,4,2.0,Lakeview Add Rogers,2420,27878,1968,50,149,,Active,,,https://www.redfin.com/AR/Rogers/724-Lakeview-Dr-72756/home/115082149,NWARMLS,1241970,N,Y,36.3354288,-94.1082897
MLS Listing,,Single Family Residential,2460 S 26th St,Rogers,AR,72758,1000000,2,1.0,22-19-30-ROGERS,1696,220413,,53,590,,Active,,,https://www.redfin.com/AR/Rogers/2460-S-26th-St-72758/home/115479100,NWARMLS,1241758,N,Y,36.2980551,-94.1583548
MLS Listing,,Single Family Residential,806 S 4th St,Rogers,AR,72756,399000,2,2.0,J Wade Sikes Park,1643,11325,,54,243,,Active,,,https://www.redfin.com/AR/Rogers/806-S-4th-St-72756/home/114808718,NWARMLS,1240865,N,Y,36.3265083,-94.1208746
MLS Listing,,Single Family Residential,914 20th St,Rogers,AR,72758,389900,4,2.0,Rosewood Add Rogers,2652,15245,1971,55,147,,Active,,,https://www.redfin.com/AR/Rogers/914-S-20th-St-72758/home/115298559,NWARMLS,1241613,N,Y,36.3245132,-94.146858
MLS Listing,,Single Family Residential,17 Reynolds Rd,Rogers,AR,72756,2350000,4,3.0,Rivercliff,4720,36154,1991,68,498,,Active,,,https://www.redfin.com/AR/Rogers/17-Reynolds-Rd-72756/home/114995964,NWARMLS,1240190,N,Y,36.3467988,-93.9933839
MLS Listing,,Single Family Residential,1014 Olive St #8,Rogers,AR,72756,89500,1,1.0,Idle Wheel Mhp Rogers,390,435,2017,69,229,380,Active,,,https://www.redfin.com/AR/Rogers/1014-W-Olive-St-72756/unit-8/home/147026972,NWARMLS,1240586,N,Y,36.3398605,-94.1290044
MLS Listing,,Townhouse,Lot #4 Pinnacle Hills Pkwy,Rogers,AR,72758,699000,3,2.5,Pinnacle Village,1854,4356,2023,70,377,,Active,,,https://www.redfin.com/AR/Rogers/Lot-4-Pinnacle-Hills-Pkwy-72758/home/184540143,NWARMLS,1238101,N,Y,36.292293,-94.184796
MLS Listing,,Single Family Residential,9363 Larue Rd,Rogers,AR,72756,999000,3,3.0,Browns Port Sub Rurban,1700,35283,2012,71,588,,Active,,,https://www.redfin.com/AR/Rogers/9363-Larue-Rd-72756/home/114514521,NWARMLS,1240556,N,Y,36.3482091,-93.9482744
MLS Listing,,Single Family Residential,10109 Bordeaux Rd,Rogers,AR,72758,530000,4,2.0,n/a,2200,229996,2023,72,241,,Active,,,https://www.redfin.com/AR/Rogers/10109-Bordeaux-Rd-72758/home/115048192,NWARMLS,1239896,N,Y,36.287053,-94.082613
MLS Listing,,Single Family Residential,303 S Promenade Blvd,Rogers,AR,72758,485000,3,2.5,09-19-30-ROGERS,1635,47044,,74,297,,Active,,,https://www.redfin.com/AR/Rogers/303-S-Promenade-Blvd-72758/home/116481416,NWARMLS,1240440,N,Y,36.332754,-94.1748546
MLS Listing,,Single Family Residential,13700 Crazy Horse Dr,Rogers,AR,72758,629900,4,2.5,Covington Trace Ph 1 Rurban,3215,49658,2005,74,196,13,Active,,,https://www.redfin.com/AR/Rogers/13700-Crazy-Horse-Dr-72758/home/115912650,NWARMLS,1240320,N,Y,36.3154512,-94.0783696
MLS Listing,,Single Family Residential,8815 Old Dutch Elbow,Rogers,AR,72756,650000,3,3.0,Dutchmans 8th Add Rurban,5000,79279,1991,82,130,,Active,,,https://www.redfin.com/AR/Rogers/8815-Old-Dutch-Elbow-72756/home/116146443,NWARMLS,1239601,N,Y,36.339461,-94.0483494
MLS Listing,,Single Family Residential,6413 S 59th St,Rogers,AR,72758,623572,4,3.5,SKY VALLEY ESTATES-ROGERS,2867,9147,2023,83,217,29,Active,,,https://www.redfin.com/AR/Rogers/6413-S-59th-ST-72758/home/184444106,NWARMLS,1239718,N,Y,36.268345,-94.198606
MLS Listing,,Single Family Residential,6415 S 59th St,Rogers,AR,72758,586380,4,2.5,SKY VALLEY ESTATES-ROGERS,2696,9147,2023,83,218,29,Active,,,https://www.redfin.com/AR/Rogers/6415-S-59th-ST-72758/home/184443096,NWARMLS,1239704,N,Y,36.268116,-94.198617
MLS Listing,,Single Family Residential,6412 S 59th St,Rogers,AR,72758,602692,4,3.0,SKY VALLEY ESTATES-ROGERS,2771,9147,2023,83,217,29,Active,,,https://www.redfin.com/AR/Rogers/6412-S-59th-ST-72758/home/184441502,NWARMLS,1239666,N,Y,36.268406,-94.198979
MLS Listing,,Single Family Residential,301 W Camden Dr,Rogers,AR,72756,369000,4,2.0,Camden Way Sub Rogers,1934,8712,2005,85,191,,Active,,,https://www.redfin.com/AR/Rogers/301-Camden-Dr-72756/home/115925366,NWARMLS,1239474,N,Y,36.3703906,-94.1176775
MLS Listing,,Single Family Residential,Lot 14 & 15 Pinnacle Hills Pkwy,Rogers,AR,72758,995000,4,3.5,Pinnacle Village,2635,8712,,87,378,,Active,,,https://www.redfin.com/AR/Rogers/Lot-14-15-Pinnacle-Hills-Pkwy-72758/home/184162739,NWARMLS,1238017,N,Y,36.292639,-94.185483
MLS Listing,,Townhouse,Lot 11 Pinnacle Hills Pkwy,Rogers,AR,72758,699000,3,2.5,Pinnacle Village,1854,4356,,87,377,,Active,,,https://www.redfin.com/AR/Rogers/Lot-11-Pinnacle-Hills-Pkwy-72758/home/184162724,NWARMLS,1238396,N,Y,36.293261,-94.185054
MLS Listing,,Single Family Residential,17847 Antler Rdg,Rogers,AR,72756,539500,4,2.0,Ozark Hills Rurban,2140,40075,2023,88,252,,Active,,,https://www.redfin.com/AR/Rogers/17847-Antler-Rdg-72756/home/182566358,NWARMLS,1239401,N,Y,36.3232324,-93.9865358
MLS Listing,,Single Family Residential,5307 S Bellview Rd,Rogers,AR,72758,525000,4,2.5,Pleasant Acres Sub Rogers,2244,80150,1994,89,234,,Active,,,https://www.redfin.com/AR/Rogers/5307-S-Bellview-Rd-72758/home/116307089,NWARMLS,1238723,N,Y,36.285991,-94.171162
MLS Listing,,Single Family Residential,11 S Sechrest Cir,Rogers,AR,72758,1500000,4,4.0,Pinnacle,5553,14374,1997,89,270,149,Active,,,https://www.redfin.com/AR/Rogers/11-S-Sechrest-Cir-72758/home/116403506,NWARMLS,1239179,N,Y,36.2950105,-94.19236
MLS Listing,,Single Family Residential,8729 Par Ln,Rogers,AR,72756,418900,4,2.0,Dream Valley 2 Rurban,2732,20473,1980,90,153,,Active,,,https://www.redfin.com/AR/Rogers/8729-Par-Ln-72756/home/115943160,NWARMLS,1238917,N,Y,36.3387476,-94.065054
MLS Listing,,Single Family Residential,4 W Leiston Dr,Rogers,AR,72758,2350000,6,5.5,"Pinnacle Sub Ph 1, The Rogers",8789,23086,2006,91,267,93,Active,,,https://www.redfin.com/AR/Rogers/4-W-Leiston-Dr-72758/home/115421810,NWARMLS,1238102,N,Y,36.3004681,-94.1940608
MLS Listing,,Single Family Residential,16507 Ivy Ln,Rogers,AR,72756,260000,3,2.0,Beaver Shores Unit 1 Rurban,1830,29185,1970,91,142,,Active,,,https://www.redfin.com/AR/Rogers/16507-Ivy-Ln-72756/home/115779927,NWARMLS,1238902,N,Y,36.3192935,-94.0165317
MLS Listing,,Single Family Residential,4701 W Oak St,Rogers,AR,72758,545000,4,2.5,,1877,34848,,94,290,,Active,,,https://www.redfin.com/AR/Rogers/4701-W-Oak-St-72758/home/114673836,NWARMLS,1238852,N,Y,36.328164,-94.1834765
MLS Listing,,Single Family Residential,Lot 1 & 2 Pinnacle Hills Pkwy,Rogers,AR,72758,995000,4,3.5,Pinnacle Village,2635,8712,2024,98,378,,Active,,,https://www.redfin.com/AR/Rogers/Lot-1-2-Pinnacle-Hills-Pkwy-72758/home/184162740,NWARMLS,1237919,N,Y,36.291741,-94.184709
MLS Listing,,Single Family Residential,TBD Anew Rd,Rogers,AR,72756,885430,4,4.5,The Hollows at Beaver Lake,3185,55756,2023,100,278,,Active,,,https://www.redfin.com/AR/Rogers/802-S-J-St-72756/home/182567861,NWARMLS,1238342,N,Y,36.3253675,-94.1047572
MLS Listing,,Single Family Residential,13021 Red Oak Ln,Rogers,AR,72756,279900,4,2.0,Red Oak Hills Rurban,1560,57499,1999,106,179,,Active,,,https://www.redfin.com/AR/Rogers/13021-Red-Oak-Ln-72756/home/114495201,NWARMLS,1237877,N,Y,36.4159171,-94.1033531
MLS Listing,,Single Family Residential,15569 Putman Rd,Rogers,AR,72756,345000,3,2.0,Putmans 3rd Add Rurban,2303,13939,1974,107,150,,Active,,,https://www.redfin.com/AR/Rogers/15569-Putman-Rd-72756/home/115339458,NWARMLS,1237857,N,Y,36.3389301,-94.0371561
MLS Listing,,Single Family Residential,2300 S Pleasant Ridge Rd,Rogers,AR,72756,679000,4,3.5,,3800,85813,1994,108,179,,Active,,,https://www.redfin.com/AR/Rogers/2300-S-Pleasant-Ridge-Rd-72756/home/115069957,NWARMLS,1237721,N,Y,36.3178464,-94.0899512
MLS Listing,,Single Family Residential,1401 W Pecan St,Rogers,AR,72758,420200,4,4.0,Pine Street,2101,9147,2023,116,200,21,Active,,,https://www.redfin.com/AR/Rogers/1401-W-Pecan-St-Unknown/home/181023096,NWARMLS,1237272,N,Y,36.3293787,-94.1368339
MLS Listing,,Single Family Residential,1405 W Pecan St,Rogers,AR,72758,420200,4,4.0,Pine St,2101,7405,2023,116,200,21,Active,,,https://www.redfin.com/AR/Rogers/1405-W-Pecan-St-Unknown/home/181969700,NWARMLS,1237124,N,Y,36.329378,-94.136937
MLS Listing,,Single Family Residential,9 S Clubhouse Dr,Rogers,AR,72758,3785000,4,6.0,Pinnacle,10004,21780,1991,117,378,279,Active,,,https://www.redfin.com/AR/Rogers/9-S-Clubhouse-Dr-72758/home/115232028,NWARMLS,1236923,N,Y,36.2970393,-94.2002243
MLS Listing,,Single Family Residential,2713 S 20th St,Rogers,AR,72758,616900,5,3.5,Cobble Creek Sub Rogers,2901,11325,2023,118,213,40,Active,,,https://www.redfin.com/AR/Rogers/2713-S-20th-St-72758/home/176836705,NWARMLS,1236723,N,Y,36.292522,-94.147184
MLS Listing,,Single Family Residential,324 S 3rd St,Rogers,AR,72756,355000,3,1.0,B F Sikes Add,1575,11325,,123,225,,Active,,,https://www.redfin.com/AR/Rogers/324-S-3rd-St-72756/home/116184081,NWARMLS,1236884,N,Y,36.3303423,-94.119376
MLS Listing,,Single Family Residential,14049 Wolf Dr,Rogers,AR,72756,950000,4,3.0,Mack Grimes  2Nd,2883,289238,1992,123,330,,Active,,,https://www.redfin.com/AR/Rogers/14049-Wolf-Dr-72756/home/115639242,NWARMLS,1236861,N,Y,36.3535986,-94.0712555
MLS Listing,,Single Family Residential,14 Ravenshoe Rd,Rogers,AR,72756,825000,4,3.0,Runnymede Subdivision,3675,22651,2000,124,224,7,Active,,,https://www.redfin.com/AR/Rogers/14-Ravenshoe-Rd-72756/home/114826795,NWARMLS,1236425,N,Y,36.3356769,-93.9879025
MLS Listing,,Single Family Residential,3 S Regis Ln,Rogers,AR,72758,2600000,5,6.5,Pinnacle Sub Ph 4 Rogers,6803,40075,2014,135,382,169,Active,,,https://www.redfin.com/AR/Rogers/3-S-Regis-Ln-72758/home/114697721,NWARMLS,1235903,N,Y,36.3027691,-94.2007847
MLS Listing,,Single Family Residential,10953 Guyll Ridge Rd,Rogers,AR,72756,280000,2,2.0,N/A,1616,159865,2007,144,173,,Active,,,https://www.redfin.com/AR/Rogers/10953-Guyll-Ridge-Rd-72756/home/116136172,NWARMLS,1235439,N,Y,36.3774001,-94.0465337
MLS Listing,,Single Family Residential,8108 Pine Ln,Rogers,AR,72756,1100000,4,4.0,Beaver Shores Unit 2 Rurban,2982,16988,,153,369,,Active,,,https://www.redfin.com/AR/Rogers/8108-Pine-Ln-72756/home/115675354,NWARMLS,1234092,N,Y,36.325919,-94.0168508
MLS Listing,,Single Family Residential,8547 Old Bill Evans Rd,Rogers,AR,72756,1650000,0,2.0,.,2560,3128479,1982,176,645,,Active,,,https://www.redfin.com/AR/Rogers/8547-Old-Bill-Evans-Rd-72756/home/116058426,NWARMLS,1233906,N,Y,36.320248,-93.890504
MLS Listing,,Single Family Residential,2211 S Rainbow Rd,Rogers,AR,72758,4000000,3,2.5,18-19-30-Rogers,2906,1028451,1975,182,1376,,Active,,,https://www.redfin.com/AR/Rogers/2211-S-Rainbow-Rd-72758/home/114678675,NWARMLS,1233573,N,Y,36.3154913,-94.2110522
MLS Listing,,Multi-Family (2-4 Unit),12929 Carranza St,Rogers,AR,72756,499900,,,29-20-29 RURAL,2992,54014,2008,193,167,,Active,,,https://www.redfin.com/AR/Rogers/12929-Carranza-St-72756/home/116300754,NWARMLS,1232879,N,Y,36.3714168,-94.0953679
MLS Listing,,Single Family Residential,1405 E Walnut St,Rogers,AR,72756,829000,4,4.0,Hyland Park Rogers,4438,105850,1995,196,187,,Active,,,https://www.redfin.com/AR/Rogers/1405-E-Walnut-St-72756/home/115037450,NWARMLS,1232140,N,Y,36.3235879,-94.0944847
MLS Listing,,Single Family Residential,15533 Haynes Rd,Rogers,AR,72756,2100000,5,4.5,"Point At Falls Hollow, The Rurban",7120,43995,2006,207,295,,Active,,,https://www.redfin.com/AR/Rogers/15533-Haynes-Rd-72756/home/114494363,NWARMLS,1230450,N,Y,36.3044542,-94.0410864
MLS Listing,,Single Family Residential,13870 Sunset Bay Blvd,Rogers,AR,72756,885000,4,4.0,Sunset Bay,4065,39204,2005,207,218,,Active,,,https://www.redfin.com/AR/Rogers/13870-Sunset-Bay-Blvd-72756/home/115139927,NWARMLS,1231658,N,Y,36.3585768,-94.075255
MLS Listing,,Single Family Residential,10546 Napa Rd,Rogers,AR,72756,1897200,4,3.0,Aiken Point Sub Rurban,4080,42253,,208,465,,Active,,,https://www.redfin.com/AR/Rogers/10546-Napa-Rd-72756/home/115501398,NWARMLS,1231233,N,Y,36.3705674,-94.0239577
MLS Listing,,Single Family Residential,6202 S 59th St,Rogers,AR,72758,522900,3,2.5,"Iveys Ph III, The Rogers",2478,8712,2022,208,211,42,Active,,,https://www.redfin.com/AR/Rogers/6202-S-59th-St-72758/home/176836652,NWARMLS,1231549,N,Y,36.2728679,-94.1989092
MLS Listing,,Single Family Residential,,Rogers,AR,72756,399950,2,1.0,,1104,236095,,211,362,,Active,,,https://www.redfin.com/AR/Rogers/Undisclosed-address-72756/home/115659106,NWARMLS,1231499,N,Y,36.306531,-93.903451
MLS Listing,,Single Family Residential,1606 S 23rd Dr,Rogers,AR,72758,479325,4,3.5,Seminole Park,2229,6098,2023,215,215,,Active,,,https://www.redfin.com/AR/Rogers/1606-S-23rd-St-72758/home/115645074,NWARMLS,1231256,N,Y,36.3191118,-94.1514964
MLS Listing,,Single Family Residential,13876 Gentilly Rd,Rogers,AR,72758,469793,6,2.0,Monte Ne Shores,3500,16117,1997,223,134,,Active,,,https://www.redfin.com/AR/Rogers/13876-Gentilly-Rd-72758/home/115910191,NWARMLS,1230285,N,Y,36.2868471,-94.0759538
MLS Listing,,Townhouse,1605 S 17th Pl,Rogers,AR,72758,298500,2,2.0,Dixieland Crossing,1400,3049,2023,236,213,,Active,,,https://www.redfin.com/AR/Rogers/1605-S-17th-St-72758/home/116363436,NWARMLS,1229022,N,Y,36.318743,-94.1420001
MLS Listing,,Single Family Residential,13482 Sugar Creek Rd,Rogers,AR,72756,1995000,4,2.0,08-20-29-RURAL,3038,1342083,1937,240,657,,Active,,,https://www.redfin.com/AR/Rogers/13482-Sugar-Creek-Rd-72756/home/115473112,NWARMLS,1228476,N,Y,36.42016,-94.081462
MLS Listing,,Single Family Residential,2813 Simmons Ln,Rogers,AR,72758,799900,4,2.5,Country Club Estates Rogers,3957,47916,1988,258,202,,Active,,,https://www.redfin.com/AR/Rogers/2813-Simmons-Ln-72758/home/115629319,NWARMLS,1228066,N,Y,36.3330417,-94.1568551
MLS Listing,,Townhouse,1604 S 17th Pl,Rogers,AR,72758,326000,2,2.0,Dixieland Crossing,1500,3484,2023,270,217,,Active,,,https://www.redfin.com/AR/Rogers/1604-S-17th-St-72758/home/116017448,NWARMLS,1227334,N,Y,36.3189772,-94.1425599
MLS Listing,,Townhouse,1602 S 17th Pl,Rogers,AR,72758,325500,2,2.0,Dixieland Crossing,1500,3484,2023,270,217,,Active,,,https://www.redfin.com/AR/Rogers/1602-S-17th-St-72758/home/115437914,NWARMLS,1227329,N,Y,36.3191681,-94.1425399
MLS Listing,,Single Family Residential,"700, 720, 840 S 45th St",Rogers,AR,72758,2750000,3,2.0,09-19-30-ROGERS,2112,270072,1985,300,1302,,Active,,,https://www.redfin.com/AR/Rogers/840-S-45th-St-72758/home/180596917,NWARMLS,1224345,N,Y,36.3281955,-94.1798835
MLS Listing,,Single Family Residential,13889 E Highway 94,Rogers,AR,72758,970000,6,5.0,28-19-29-RURAL,2900,282704,,302,334,,Active,,,https://www.redfin.com/AR/Rogers/13889-E-Highway-94-72758/home/115120305,NWARMLS,1224293,N,Y,36.294985,-94.074469
MLS Listing,,Single Family Residential,9944 Old Campbell Rd,Rogers,AR,72758,4995000,6,6.0,27-19-29-RURAL,7967,177724,2020,329,627,125,Active,,,https://www.redfin.com/AR/Rogers/9944-Old-Campbell-Rd-72758/home/169195586,NWARMLS,1222132,N,Y,36.2891402,-94.0482097
MLS Listing,,Multi-Family (5+ Unit),Single Family Portfolio Rogers & Centerton,Rogers,AR,72758,6500000,,,Garrett Road Sub Rogers,28659,9147,2014,365,227,,Active,,,https://www.redfin.com/AR/Rogers/Single-Family-Portfolio-Rogers-Centerton-72758/home/179431893,NWARMLS,1217980,N,Y,36.271095,-94.179933
MLS Listing,,Single Family Residential,19796 Poverty Point Rd,Rogers,AR,72756,3399000,4,3.5,Larue Acres,6302,94089,1986,383,539,,Active,,,https://www.redfin.com/AR/Rogers/19796-Poverty-Point-Rd-72756/home/115639677,NWARMLS,1216528,N,Y,36.3407912,-93.9425389
MLS Listing,,Single Family Residential,19 Razorback Rd,Rogers,AR,72758,1600000,6,5.5,Pinnacle Golf & Country Club,7622,15681,1992,393,210,,Active,,,https://www.redfin.com/AR/Rogers/19-W-Razorback-Rd-72758/home/116237375,NWARMLS,1198071,N,Y,36.2924291,-94.1942933
MLS Listing,,Single Family Residential,6098 S Pack Ln,Rogers,AR,72758,1750000,3,2.5,33-19-30-Rogers,3525,326264,1996,396,496,,Active,,,https://www.redfin.com/AR/Rogers/6098-S-Pack-Ln-72758/home/114979131,NWARMLS,1215492,N,Y,36.2734027,-94.1796555
MLS Listing,,Multi-Family (2-4 Unit),9919 & 9917 E High Meadows Dr,Rogers,AR,72756,1247000,,,,4913,1323788,2005,410,254,,Active,,,https://www.redfin.com/AR/Rogers/9919-E-High-Meadows-Dr-72756/home/115744610,NWARMLS,1214226,N,Y,36.3596261,-94.0407566
